01/03/2014;5482
01/04/2014;5483
01/05/2014;5484
01/06/2014;5485
01/07/2014;5486
01/09/2014;5488
01/10/2014;5489
01/11/2014;5490
01/13/2014;5492
01/14/2014;5493
01/15/2014;5494
01/16/2014;5495
01/18/2014;5497
01/19/2014;5498
01/20/2014;5499
01/21/2014;5500
01/23/2014;5502
01/26/2014;5505
01/27/2014;5506
01/28/2014;5507
01/30/2014;5509
01/31/2014;5510
02/01/2014;5511
02/02/2014;5512
02/03/2014;5513
02/04/2014;5514
02/06/2014;5516
02/07/2014;5517
02/08/2014;5518
02/11/2014;5521
02/12/2014;5522
02/14/2014;5524
02/15/2014;5525
02/16/2014;5526
02/17/2014;5527
02/18/2014;5528
02/20/2014;5530
02/21/2014;5531
02/22/2014;5532
02/23/2014;5533
02/24/2014;5534
02/27/2014;5537
03/01/2014;5539
03/02/2014;5540
03/03/2014;5541
03/04/2014;5542
03/05/2014;5543
03/07/2014;5545
03/10/2014;5548
03/11/2014;5549
03/14/2014;5552
03/15/2014;5553
03/16/2014;5554
03/17/2014;5555
03/18/2014;5556
03/19/2014;5557
03/21/2014;5559
03/22/2014;5560
03/23/2014;5561
03/24/2014;5562
03/25/2014;5563
03/26/2014;5564
03/28/2014;5566
03/29/2014;5567
03/30/2014;5568
03/31/2014;5569
04/01/2014;5570
04/02/2014;5571
04/03/2014;5572
04/04/2014;5573
04/05/2014;5574
04/06/2014;5575
04/07/2014;5576
04/08/2014;5577
04/11/2014;5580
04/12/2014;5581
04/13/2014;5582
04/15/2014;5584
04/16/2014;5585
04/18/2014;5587
04/19/2014;5588
04/20/2014;5589
04/21/2014;5590
04/22/2014;5591
04/23/2014;5592
04/25/2014;5594
04/26/2014;5595
04/28/2014;5597
04/29/2014;5598
04/30/2014;5599
05/02/2014;5601
05/03/2014;5602
05/04/2014;5603
05/05/2014;5604
05/06/2014;5605
05/07/2014;5606
05/08/2014;5607
05/09/2014;5608
05/10/2014;5609
05/11/2014;5610
05/12/2014;5611
05/13/2014;5612
05/14/2014;5613
05/16/2014;5615
05/17/2014;5616
05/18/2014;5617
05/19/2014;5618
05/20/2014;5619
05/21/2014;5620
05/22/2014;5621
05/23/2014;5622
05/24/2014;5623
05/25/2014;5624
05/26/2014;5625
05/27/2014;5626
05/28/2014;5627
05/30/2014;5629
05/31/2014;5630
06/01/2014;5631
06/02/2014;5632
06/03/2014;5633
06/04/2014;5634
06/06/2014;5636
06/07/2014;5637
06/08/2014;5638
06/09/2014;5639
06/10/2014;5640
06/13/2014;5643
06/14/2014;5644
06/15/2014;5645
06/16/2014;5646
06/17/2014;5647
06/18/2014;5648
06/20/2014;5650
06/21/2014;5651
06/22/2014;5652
06/23/2014;5653
06/24/2014;5654
06/25/2014;5655
06/27/2014;5657
06/28/2014;5658
06/29/2014;5659
06/30/2014;5660
07/01/2014;5661
07/02/2014;5662
07/04/2014;5664
07/05/2014;5665
07/06/2014;5666
07/07/2014;5667
07/08/2014;5668
07/09/2014;5669
07/11/2014;5671
07/12/2014;5672
07/13/2014;5673
07/14/2014;5674
07/15/2014;5675
07/18/2014;5678
07/19/2014;5679
07/20/2014;5680
07/21/2014;5681
07/22/2014;5682
07/23/2014;5683
07/25/2014;5685
07/26/2014;5686
07/27/2014;5687
07/28/2014;5688
07/30/2014;5690
08/01/2014;5692
08/02/2014;5693
08/03/2014;5694
08/04/2014;5695
08/05/2014;5696
08/06/2014;5697
08/08/2014;5699
08/09/2014;5700
08/11/2014;5702
08/12/2014;5703
08/15/2014;5706
08/16/2014;5707
08/17/2014;5708
08/19/2014;5710
08/20/2014;5711
08/22/2014;5713
08/23/2014;5714
08/24/2014;5715
08/25/2014;5716
08/26/2014;5717
08/27/2014;5718
08/29/2014;5720
08/30/2014;5721
08/31/2014;5722
09/01/2014;5723
09/02/2014;5724
09/03/2014;5725
09/05/2014;5727
09/06/2014;5728
09/07/2014;5729
09/08/2014;5730
09/09/2014;5731
09/10/2014;5732
09/11/2014;5733
09/12/2014;5734
09/13/2014;5735
09/14/2014;5736
09/15/2014;5737
09/16/2014;5738
09/17/2014;5739
09/19/2014;5741
09/20/2014;5742
09/21/2014;5743
09/22/2014;5744
09/23/2014;5745
09/24/2014;5746
09/25/2014;5747
09/26/2014;5748
09/27/2014;5749
09/28/2014;5750
09/29/2014;5751
09/30/2014;5752
10/01/2014;5753
10/02/2014;5754
10/03/2014;5755
10/04/2014;5756
10/05/2014;5757
10/06/2014;5758
10/07/2014;5759
10/08/2014;5760
10/09/2014;5761
10/10/2014;5762
10/11/2014;5763
10/12/2014;5764
10/13/2014;5765
10/14/2014;5766
10/15/2014;5767
10/16/2014;5768
10/17/2014;5769
10/18/2014;5770
10/19/2014;5771
10/20/2014;5772
10/21/2014;5773
10/22/2014;5774
10/24/2014;5776
10/25/2014;5777
10/26/2014;5778
10/27/2014;5779
10/28/2014;5780
10/29/2014;5781
10/31/2014;5783
11/01/2014;5784
11/02/2014;5785
11/03/2014;5786
11/04/2014;5787
11/05/2014;5788
11/06/2014;5789
11/07/2014;5790
11/08/2014;5791
11/09/2014;5792
11/10/2014;5793
11/11/2014;5794
11/12/2014;5795
11/14/2014;5797
11/15/2014;5798
11/16/2014;5799
11/17/2014;5800
11/18/2014;5801
11/19/2014;5802
11/20/2014;5803
11/21/2014;5804
11/22/2014;5805
11/23/2014;5806
11/24/2014;5807
11/25/2014;5808
11/26/2014;5809
11/27/2014;5810
11/28/2014;5811
11/29/2014;5812
11/30/2014;5813
12/01/2014;5814
12/02/2014;5815
12/03/2014;5816
12/04/2014;5817
12/05/2014;5818
12/06/2014;5819
12/07/2014;5820
12/08/2014;5821
12/09/2014;5822
12/10/2014;5823
12/12/2014;5825
12/13/2014;5826
12/14/2014;5827
12/15/2014;5828
12/16/2014;5829
12/17/2014;5830
12/19/2014;5832
12/20/2014;5833
12/21/2014;5834
12/22/2014;5835
12/23/2014;5836
12/24/2014;5837
12/26/2014;5839
12/27/2014;5840
12/28/2014;5841
12/29/2014;5842
12/30/2014;5843
12/31/2014;5844
01/02/2015;5846
01/03/2015;5847
01/04/2015;5848
01/05/2015;5849
01/06/2015;5850
01/09/2015;5853
01/10/2015;5854
01/12/2015;5856
01/13/2015;5857
01/17/2015;5861
01/19/2015;5863
01/23/2015;5867
01/24/2015;5868
01/26/2015;5870
01/27/2015;5871
01/28/2015;5872
01/30/2015;5874
01/31/2015;5875
02/03/2015;5878
02/06/2015;5881
02/07/2015;5882
02/08/2015;5883
02/09/2015;5884
02/10/2015;5885
02/14/2015;5889
02/15/2015;5890
02/16/2015;5891
02/18/2015;5893
02/20/2015;5895
02/21/2015;5896
02/22/2015;5897
02/23/2015;5898
02/25/2015;5900
02/27/2015;5902
02/28/2015;5903
03/01/2015;5904
03/02/2015;5905
03/05/2015;5908
03/06/2015;5909
03/07/2015;5910
03/08/2015;5911
03/09/2015;5912
03/10/2015;5913
03/12/2015;5915
03/13/2015;5916
03/14/2015;5917
03/15/2015;5918
03/16/2015;5919
03/17/2015;5920
03/19/2015;5922
03/20/2015;5923
03/21/2015;5924
03/22/2015;5925
03/23/2015;5926
03/24/2015;5927
03/26/2015;5929
03/27/2015;5930
03/28/2015;5931
03/29/2015;5932
03/30/2015;5933
03/31/2015;5934
04/02/2015;5936
04/04/2015;5938
04/05/2015;5939
04/06/2015;5940
04/07/2015;5941
04/09/2015;5943
04/10/2015;5944
04/11/2015;5945
04/12/2015;5946
04/13/2015;5947
04/14/2015;5948
04/16/2015;5950
04/17/2015;5951
04/18/2015;5952
04/19/2015;5953
04/20/2015;5954
04/21/2015;5955
04/22/2015;5956
04/24/2015;5958
04/25/2015;5959
04/26/2015;5960
04/27/2015;5961
04/28/2015;5962
04/29/2015;5963
04/30/2015;5964
05/01/2015;5965
05/02/2015;5966
05/03/2015;5967
05/04/2015;5968
05/07/2015;5971
05/08/2015;5972
05/09/2015;5973
05/10/2015;5974
05/11/2015;5975
05/12/2015;5976
05/13/2015;5977
05/14/2015;5978
05/15/2015;5979
05/16/2015;5980
05/17/2015;5981
05/18/2015;5982
05/20/2015;5984
05/21/2015;5985
05/22/2015;5986
05/23/2015;5987
05/24/2015;5988
05/25/2015;5989
05/26/2015;5990
05/28/2015;5992
05/29/2015;5993
05/30/2015;5994
05/31/2015;5995
06/01/2015;5996
06/04/2015;5999
06/05/2015;6000
06/07/2015;6002
06/08/2015;6003
06/09/2015;6004
06/11/2015;6006
06/12/2015;6007
06/13/2015;6008
06/14/2015;6009
06/15/2015;6010
06/16/2015;6011
06/18/2015;6013
06/19/2015;6014
06/20/2015;6015
06/21/2015;6016
06/22/2015;6017
06/23/2015;6018
06/25/2015;6020
06/26/2015;6021
06/28/2015;6023
06/29/2015;6024
07/02/2015;6027
07/03/2015;6028
07/04/2015;6029
07/05/2015;6030
07/06/2015;6031
07/08/2015;6033
07/09/2015;6034
07/10/2015;6035
07/11/2015;6036
07/12/2015;6037
07/13/2015;6038
07/14/2015;6039
07/16/2015;6041
07/17/2015;6042
07/18/2015;6043
07/19/2015;6044
07/20/2015;6045
07/23/2015;6048
07/24/2015;6049
07/25/2015;6050
07/26/2015;6051
07/27/2015;6052
07/30/2015;6055
07/31/2015;6056
08/01/2015;6057
08/02/2015;6058
08/05/2015;6061
08/06/2015;6062
08/07/2015;6063
08/08/2015;6064
08/09/2015;6065
08/10/2015;6066
08/11/2015;6067
08/13/2015;6069
08/15/2015;6071
08/16/2015;6072
08/17/2015;6073
08/21/2015;6077
08/22/2015;6078
08/23/2015;6079
08/24/2015;6080
08/25/2015;6081
08/27/2015;6083
08/28/2015;6084
08/29/2015;6085
08/31/2015;6087
09/01/2015;6088
09/03/2015;6090
09/04/2015;6091
09/05/2015;6092
09/06/2015;6093
09/07/2015;6094
09/08/2015;6095
09/10/2015;6097
09/11/2015;6098
09/12/2015;6099
09/13/2015;6100
09/14/2015;6101
09/15/2015;6102
09/16/2015;6103
09/17/2015;6104
09/18/2015;6105
09/19/2015;6106
09/20/2015;6107
09/21/2015;6108
09/22/2015;6109
09/24/2015;6111
09/25/2015;6112
09/26/2015;6113
09/27/2015;6114
09/28/2015;6115
10/01/2015;6118
10/02/2015;6119
10/03/2015;6120
10/04/2015;6121
10/05/2015;6122
10/08/2015;6125
10/09/2015;6126
10/10/2015;6127
10/11/2015;6128
10/12/2015;6129
10/13/2015;6130
10/15/2015;6132
10/16/2015;6133
10/17/2015;6134
10/18/2015;6135
10/19/2015;6136
10/20/2015;6137
10/22/2015;6139
10/23/2015;6140
10/24/2015;6141
10/25/2015;6142
10/26/2015;6143
10/28/2015;6145
10/29/2015;6146
10/30/2015;6147
10/31/2015;6148
11/01/2015;6149
11/02/2015;6150
11/03/2015;6151
11/05/2015;6153
11/06/2015;6154
11/07/2015;6155
11/08/2015;6156
11/09/2015;6157
11/10/2015;6158
11/11/2015;6159
11/12/2015;6160
11/13/2015;6161
11/14/2015;6162
11/15/2015;6163
11/16/2015;6164
11/17/2015;6165
11/19/2015;6167
11/20/2015;6168
11/21/2015;6169
11/22/2015;6170
11/23/2015;6171
11/24/2015;6172
11/25/2015;6173
11/26/2015;6174
11/27/2015;6175
11/28/2015;6176
11/29/2015;6177
11/30/2015;6178
12/01/2015;6179
12/03/2015;6181
12/04/2015;6182
12/05/2015;6183
12/06/2015;6184
12/07/2015;6185
12/08/2015;6186
12/09/2015;6187
12/10/2015;6188
12/11/2015;6189
12/12/2015;6190
12/13/2015;6191
12/14/2015;6192
12/15/2015;6193
12/16/2015;6194
12/17/2015;6195
12/18/2015;6196
12/19/2015;6197
12/20/2015;6198
12/21/2015;6199
12/22/2015;6200
12/23/2015;6201
12/24/2015;6202
12/25/2015;6203
12/26/2015;6204
12/27/2015;6205
12/28/2015;6206
12/29/2015;6207
12/30/2015;6208
12/31/2015;6209
01/02/2016;6211
01/03/2016;6212
01/04/2016;6213
01/05/2016;6214
01/07/2016;6216
01/08/2016;6217
01/09/2016;6218
01/10/2016;6219
01/11/2016;6220
01/14/2016;6223
01/15/2016;6224
01/16/2016;6225
01/17/2016;6226
01/21/2016;6230
01/22/2016;6231
01/23/2016;6232
01/24/2016;6233
01/25/2016;6234
01/28/2016;6237
01/30/2016;6239
01/31/2016;6240
02/01/2016;6241
02/02/2016;6242
02/03/2016;6243
02/04/2016;6244
02/05/2016;6245
02/06/2016;6246
02/07/2016;6247
02/08/2016;6248
02/09/2016;6249
02/11/2016;6251
02/12/2016;6252
02/13/2016;6253
02/14/2016;6254
02/15/2016;6255
02/16/2016;6256
02/19/2016;6259
02/20/2016;6260
02/21/2016;6261
02/22/2016;6262
02/23/2016;6263
02/25/2016;6265
02/27/2016;6267
02/28/2016;6268
02/29/2016;6269
03/01/2016;6270
03/03/2016;6272
03/04/2016;6273
03/05/2016;6274
03/06/2016;6275
03/07/2016;6276
03/08/2016;6277
03/09/2016;6278
03/10/2016;6279
03/11/2016;6280
03/12/2016;6281
03/13/2016;6282
03/14/2016;6283
03/15/2016;6284
03/17/2016;6286
03/18/2016;6287
03/19/2016;6288
03/20/2016;6289
03/21/2016;6290
03/22/2016;6291
03/24/2016;6293
03/25/2016;6294
03/26/2016;6295
03/27/2016;6296
03/28/2016;6297
03/29/2016;6298
03/30/2016;6299
03/31/2016;6300
04/01/2016;6301
04/02/2016;6302
04/03/2016;6303
04/04/2016;6304
04/05/2016;6305
04/06/2016;6306
04/07/2016;6307
04/08/2016;6308
04/09/2016;6309
04/10/2016;6310
04/12/2016;6312
04/13/2016;6313
04/14/2016;6314
04/15/2016;6315
04/16/2016;6316
04/17/2016;6317
04/18/2016;6318
04/19/2016;6319
04/21/2016;6321
04/22/2016;6322
04/23/2016;6323
04/24/2016;6324
04/25/2016;6325
04/26/2016;6326
04/28/2016;6328
04/30/2016;6330
05/01/2016;6331
05/02/2016;6332
05/03/2016;6333
05/05/2016;6335
05/06/2016;6336
05/07/2016;6337
05/08/2016;6338
05/09/2016;6339
05/10/2016;6340
05/11/2016;6341
05/12/2016;6342
05/14/2016;6344
05/15/2016;6345
05/16/2016;6346
05/17/2016;6347
05/18/2016;6348
05/19/2016;6349
05/20/2016;6350
05/21/2016;6351
05/22/2016;6352
05/23/2016;6353
05/24/2016;6354
05/25/2016;6355
05/26/2016;6356
05/27/2016;6357
05/28/2016;6358
05/29/2016;6359
05/30/2016;6360
05/31/2016;6361
06/02/2016;6363
06/03/2016;6364
06/04/2016;6365
06/05/2016;6366
06/06/2016;6367
06/07/2016;6368
06/09/2016;6370
06/10/2016;6371
06/11/2016;6372
06/12/2016;6373
06/13/2016;6374
06/14/2016;6375
06/15/2016;6376
06/16/2016;6377
06/17/2016;6378
06/18/2016;6379
06/19/2016;6380
06/20/2016;6381
06/21/2016;6382
06/23/2016;6384
06/24/2016;6385
06/25/2016;6386
06/26/2016;6387
06/27/2016;6388
06/28/2016;6389
06/29/2016;6390
06/30/2016;6391
07/01/2016;6392
07/02/2016;6393
07/03/2016;6394
07/04/2016;6395
07/07/2016;6398
07/08/2016;6399
07/09/2016;6400
07/10/2016;6401
07/12/2016;6403
07/14/2016;6405
07/15/2016;6406
07/16/2016;6407
07/17/2016;6408
07/18/2016;6409
07/19/2016;6410
07/20/2016;6411
07/21/2016;6412
07/22/2016;6413
07/23/2016;6414
07/24/2016;6415
07/25/2016;6416
07/28/2016;6419
07/29/2016;6420
07/30/2016;6421
07/31/2016;6422
08/01/2016;6423
08/02/2016;6424
08/03/2016;6425
08/04/2016;6426
08/05/2016;6427
08/06/2016;6428
08/07/2016;6429
08/08/2016;6430
08/09/2016;6431
08/11/2016;6433
08/12/2016;6434
08/13/2016;6435
08/14/2016;6436
08/15/2016;6437
08/16/2016;6438
08/17/2016;6439
08/18/2016;6440
08/19/2016;6441
08/20/2016;6442
08/21/2016;6443
08/22/2016;6444
08/23/2016;6445
08/26/2016;6448
08/27/2016;6449
08/28/2016;6450
08/29/2016;6451
08/30/2016;6452
08/31/2016;6453
09/01/2016;6454
09/02/2016;6455
09/03/2016;6456
09/04/2016;6457
09/05/2016;6458
09/06/2016;6459
09/08/2016;6461
09/09/2016;6462
09/10/2016;6463
09/11/2016;6464
09/12/2016;6465
09/13/2016;6466
09/14/2016;6467
09/15/2016;6468
09/16/2016;6469
09/17/2016;6470
09/18/2016;6471
09/19/2016;6472
09/20/2016;6473
09/22/2016;6475
09/23/2016;6476
09/24/2016;6477
09/25/2016;6478
09/26/2016;6479
09/27/2016;6480
09/28/2016;6481
09/29/2016;6482
09/30/2016;6483
10/01/2016;6484
10/02/2016;6485
10/03/2016;6486
10/04/2016;6487
10/06/2016;6489
10/07/2016;6490
10/08/2016;6491
10/09/2016;6492
10/10/2016;6493
10/11/2016;6494
10/13/2016;6496
10/14/2016;6497
10/15/2016;6498
10/16/2016;6499
10/17/2016;6500
10/18/2016;6501
10/20/2016;6503
10/21/2016;6504
10/22/2016;6505
10/23/2016;6506
10/24/2016;6507
10/25/2016;6508
10/27/2016;6510
10/28/2016;6511
10/29/2016;6512
10/30/2016;6513
10/31/2016;6514
11/01/2016;6515
11/03/2016;6517
11/04/2016;6518
11/05/2016;6519
11/06/2016;6520
11/07/2016;6521
11/08/2016;6522
11/09/2016;6523
11/10/2016;6524
11/11/2016;6525
11/12/2016;6526
11/13/2016;6527
11/14/2016;6528
11/15/2016;6529
11/16/2016;6530
11/17/2016;6531
11/18/2016;6532
11/19/2016;6533
11/20/2016;6534
11/21/2016;6535
11/22/2016;6536
11/23/2016;6537
11/24/2016;6538
11/25/2016;6539
11/26/2016;6540
11/27/2016;6541
11/28/2016;6542
11/29/2016;6543
11/30/2016;6544
12/01/2016;6545
12/02/2016;6546
12/03/2016;6547
12/04/2016;6548
12/05/2016;6549
12/06/2016;6550
12/08/2016;6552
12/09/2016;6553
12/10/2016;6554
12/11/2016;6555
12/12/2016;6556
12/13/2016;6557
12/14/2016;6558
12/15/2016;6559
12/16/2016;6560
12/17/2016;6561
12/18/2016;6562
12/19/2016;6563
12/20/2016;6564
12/22/2016;6566
12/23/2016;6567
12/24/2016;6568
12/25/2016;6569
12/26/2016;6570
12/27/2016;6571
12/29/2016;6573
12/30/2016;6574
12/31/2016;6575
01/01/2017;6576
01/02/2017;6577
01/03/2017;6578
01/06/2017;6581
01/07/2017;6582
01/08/2017;6583
01/09/2017;6584
01/12/2017;6587
01/13/2017;6588
01/14/2017;6589
01/15/2017;6590
01/16/2017;6591
01/19/2017;6594
01/20/2017;6595
01/21/2017;6596
01/22/2017;6597
01/23/2017;6598
01/24/2017;6599
01/26/2017;6601
01/27/2017;6602
01/28/2017;6603
01/29/2017;6604
01/30/2017;6605
02/02/2017;6608
02/03/2017;6609
02/04/2017;6610
02/05/2017;6611
02/06/2017;6612
02/09/2017;6615
02/10/2017;6616
02/11/2017;6617
02/13/2017;6619
02/16/2017;6622
02/17/2017;6623
02/18/2017;6624
02/19/2017;6625
02/20/2017;6626
02/21/2017;6627
02/23/2017;6629
02/24/2017;6630
02/25/2017;6631
02/26/2017;6632
02/28/2017;6634
03/02/2017;6636
03/03/2017;6637
03/04/2017;6638
03/05/2017;6639
03/06/2017;6640
03/07/2017;6641
03/08/2017;6642
03/09/2017;6643
03/10/2017;6644
03/11/2017;6645
03/12/2017;6646
03/13/2017;6647
03/14/2017;6648
03/16/2017;6650
03/17/2017;6651
03/18/2017;6652
03/19/2017;6653
03/20/2017;6654
03/21/2017;6655
03/23/2017;6657
03/24/2017;6658
03/25/2017;6659
03/26/2017;6660
03/27/2017;6661
03/28/2017;6662
03/29/2017;6663
03/30/2017;6664
03/31/2017;6665
04/01/2017;6666
04/02/2017;6667
04/03/2017;6668
04/04/2017;6669
04/06/2017;6671
04/07/2017;6672
04/08/2017;6673
04/09/2017;6674
04/10/2017;6675
04/11/2017;6676
04/12/2017;6677
04/13/2017;6678
04/14/2017;6679
04/15/2017;6680
04/16/2017;6681
04/17/2017;6682
04/20/2017;6685
04/21/2017;6686
04/22/2017;6687
04/23/2017;6688
04/24/2017;6689
04/25/2017;6690
04/26/2017;6691
04/27/2017;6692
04/28/2017;6693
04/29/2017;6694
04/30/2017;6695
05/01/2017;6696
05/02/2017;6697
05/03/2017;6698
05/04/2017;6699
05/05/2017;6700
05/06/2017;6701
05/07/2017;6702
05/08/2017;6703
05/09/2017;6704
05/11/2017;6706
05/12/2017;6707
05/13/2017;6708
05/14/2017;6709
05/15/2017;6710
05/16/2017;6711
05/18/2017;6713
05/19/2017;6714
05/20/2017;6715
05/21/2017;6716
05/22/2017;6717
05/23/2017;6718
05/25/2017;6720
05/26/2017;6721
05/27/2017;6722
05/28/2017;6723
05/29/2017;6724
05/30/2017;6725
06/01/2017;6727
06/02/2017;6728
06/03/2017;6729
06/04/2017;6730
06/05/2017;6731
06/06/2017;6732
06/08/2017;6734
06/09/2017;6735
06/10/2017;6736
06/11/2017;6737
06/12/2017;6738
06/13/2017;6739
06/15/2017;6741
06/16/2017;6742
06/17/2017;6743
06/18/2017;6744
06/19/2017;6745
06/20/2017;6746
06/21/2017;6747
06/22/2017;6748
06/24/2017;6750
06/25/2017;6751
06/26/2017;6752
06/27/2017;6753
06/29/2017;6755
06/30/2017;6756
07/01/2017;6757
07/02/2017;6758
07/03/2017;6759
07/05/2017;6761
07/06/2017;6762
07/07/2017;6763
07/08/2017;6764
07/09/2017;6765
07/10/2017;6766
07/11/2017;6767
07/12/2017;6768
07/13/2017;6769
07/14/2017;6770
07/15/2017;6771
07/16/2017;6772
07/17/2017;6773
07/18/2017;6774
07/20/2017;6776
07/21/2017;6777
07/22/2017;6778
07/23/2017;6779
07/24/2017;6780
07/25/2017;6781
07/26/2017;6782
07/27/2017;6783
07/28/2017;6784
07/29/2017;6785
07/30/2017;6786
07/31/2017;6787
08/01/2017;6788
08/03/2017;6790
08/04/2017;6791
08/05/2017;6792
08/06/2017;6793
08/07/2017;6794
08/10/2017;6797
08/11/2017;6798
08/12/2017;6799
08/13/2017;6800
08/14/2017;6801
08/15/2017;6802
08/16/2017;6803
08/17/2017;6804
08/18/2017;6805
08/19/2017;6806
08/20/2017;6807
08/21/2017;6808
08/22/2017;6809
08/23/2017;6810
08/24/2017;6811
08/25/2017;6812
08/26/2017;6813
08/27/2017;6814
08/28/2017;6815
08/29/2017;6816
08/31/2017;6818
09/01/2017;6819
09/02/2017;6820
09/03/2017;6821
09/04/2017;6822
09/05/2017;6823
09/07/2017;6825
09/08/2017;6826
09/09/2017;6827
09/10/2017;6828
09/11/2017;6829
09/12/2017;6830
09/13/2017;6831
09/14/2017;6832
09/15/2017;6833
09/16/2017;6834
09/17/2017;6835
09/18/2017;6836
09/19/2017;6837
09/20/2017;6838
09/21/2017;6839
09/22/2017;6840
09/23/2017;6841
09/24/2017;6842
09/25/2017;6843
09/26/2017;6844
09/28/2017;6846
09/29/2017;6847
09/30/2017;6848
10/01/2017;6849
10/02/2017;6850
10/03/2017;6851
10/04/2017;6852
10/05/2017;6853
10/06/2017;6854
10/07/2017;6855
10/08/2017;6856
10/09/2017;6857
10/10/2017;6858
10/12/2017;6860
10/13/2017;6861
10/14/2017;6862
10/15/2017;6863
10/16/2017;6864
10/17/2017;6865
10/19/2017;6867
10/20/2017;6868
10/21/2017;6869
10/22/2017;6870
10/23/2017;6871
10/24/2017;6872
10/26/2017;6874
10/27/2017;6875
10/28/2017;6876
10/29/2017;6877
10/30/2017;6878
10/31/2017;6879
11/01/2017;6880
11/02/2017;6881
11/03/2017;6882
11/04/2017;6883
11/05/2017;6884
11/06/2017;6885
11/07/2017;6886
11/08/2017;6887
11/09/2017;6888
11/10/2017;6889
11/11/2017;6890
11/12/2017;6891
11/13/2017;6892
11/14/2017;6893
11/15/2017;6894
11/16/2017;6895
11/17/2017;6896
11/18/2017;6897
11/19/2017;6898
11/20/2017;6899
11/21/2017;6900
11/22/2017;6901
11/23/2017;6902
11/24/2017;6903
11/25/2017;6904
11/26/2017;6905
11/27/2017;6906
11/28/2017;6907
11/29/2017;6908
11/30/2017;6909
12/01/2017;6910
12/02/2017;6911
12/03/2017;6912
12/04/2017;6913
12/05/2017;6914
12/06/2017;6915
12/07/2017;6916
12/08/2017;6917
12/09/2017;6918
12/10/2017;6919
12/11/2017;6920
12/13/2017;6922
12/14/2017;6923
12/15/2017;6924
12/16/2017;6925
12/17/2017;6926
12/18/2017;6927
12/19/2017;6928
12/20/2017;6929
12/21/2017;6930
12/22/2017;6931
12/23/2017;6932
12/24/2017;6933
12/25/2017;6934
12/26/2017;6935
12/27/2017;6936
12/28/2017;6937
12/29/2017;6938
12/30/2017;6939
